Surah_ID,Surah_Name,Verse_Count,Window_Size,True_H1,Mean_Random_H1,Std_Random_H1,Z_Score
2,Al-Baqarah,286,5,0.16992199420928955,0.1642472356557846,0.010902570371153985,0.5204973102965895
2,Al-Baqarah,286,10,0.13312196731567383,0.12466475427150726,0.007210738775352999,1.1728636007553255
2,Al-Baqarah,286,15,0.11571133136749268,0.10470550835132598,0.006458940160581082,1.7039673293979776
2,Al-Baqarah,286,20,0.11677724123001099,0.09321340143680573,0.006723329436702693,3.5047873252454536
2,Al-Baqarah,286,25,0.14188998937606812,0.0846040689945221,0.006398246967296701,8.953377491420854
2,Al-Baqarah,286,30,0.1373351812362671,0.07661742210388184,0.005307644514941416,11.439680815371155
2,Al-Baqarah,286,35,0.10402834415435791,0.07215424299240113,0.006646549430052314,4.795586265835671
2,Al-Baqarah,286,40,0.11802828311920166,0.0669273680448532,0.004979628092270804,10.261994295048947
2,Al-Baqarah,286,45,0.12093466520309448,0.06342882335186005,0.006200374126653448,9.274576126630004
2,Al-Baqarah,286,50,0.12011396884918213,0.06027103900909424,0.005569942860453516,10.74390372385532
26,Ash-Shu'ara,227,5,0.1700432300567627,0.16407146394252778,0.009757772593444238,0.6120009517589137
26,Ash-Shu'ara,227,10,0.12994670867919922,0.11933285057544708,0.007448949637035841,1.4248798315108098
26,Ash-Shu'ara,227,15,0.10666686296463013,0.09914889514446258,0.00700720969842396,1.0728903720204725
26,Ash-Shu'ara,227,20,0.17886865139007568,0.0885649287700653,0.007910248798439452,11.416040749290422
26,Ash-Shu'ara,227,25,0.20876431465148926,0.07680665969848632,0.005829669573984034,22.635529042998954
26,Ash-Shu'ara,227,30,0.18772125244140625,0.07183054208755493,0.006952797961677172,16.66821199071573
26,Ash-Shu'ara,227,35,0.1632469892501831,0.06570895552635193,0.006625220723681875,14.722231574139277
26,Ash-Shu'ara,227,40,0.1567833423614502,0.06106118500232696,0.005931489501671468,16.137962872925787
26,Ash-Shu'ara,227,45,0.14864975214004517,0.05847345530986786,0.005582003607916459,16.1548259664842
26,Ash-Shu'ara,227,50,0.1382206678390503,0.05436109185218811,0.006644234536372872,12.621405148747447
7,Al-A'raf,206,5,0.1996721625328064,0.16740756392478942,0.012181476925351835,2.648660651391833
7,Al-A'raf,206,10,0.14948660135269165,0.13184215664863586,0.009597950193222857,1.8383555185058778
7,Al-A'raf,206,15,0.14334774017333984,0.11117856800556183,0.008000317405743449,4.020986985426813
7,Al-A'raf,206,20,0.1090778112411499,0.09798795521259308,0.007869459889778323,1.4092270859606875
7,Al-A'raf,206,25,0.11155843734741211,0.0892278116941452,0.007826170297918262,2.8533273367699126
7,Al-A'raf,206,30,0.13836973905563354,0.08206548273563385,0.005738987548825948,9.810834374700486
7,Al-A'raf,206,35,0.13322710990905762,0.07578427791595459,0.007424454281636678,7.736976997108007
7,Al-A'raf,206,40,0.13831084966659546,0.07072994232177734,0.006430363362886372,10.509656069339655
7,Al-A'raf,206,45,0.12255710363388062,0.06800549626350402,0.0072278841895416735,7.547382600472429
7,Al-A'raf,206,50,0.10449039936065674,0.06444578886032104,0.006298635370109661,6.3576645014836775
3,Ali 'Imran,200,5,0.17250382900238037,0.1592903834581375,0.008771582382301692,1.5063924578652377
3,Ali 'Imran,200,10,0.12989526987075806,0.1235072112083435,0.00949291652929436,0.6729289826473804
3,Ali 'Imran,200,15,0.12967443466186523,0.10258765816688538,0.008607483361117538,3.1468868841894677
3,Ali 'Imran,200,20,0.10625845193862915,0.09056946098804473,0.0074089177247255505,2.1175820185215493
3,Ali 'Imran,200,25,0.11450034379959106,0.08192300498485565,0.0068829029511171536,4.733081237103283
3,Ali 'Imran,200,30,0.11105048656463623,0.07520569682121277,0.00715000014034985,5.013257208365534
3,Ali 'Imran,200,35,0.09197193384170532,0.07062961041927338,0.007885155873962494,2.706645723124669
3,Ali 'Imran,200,40,0.08410531282424927,0.06472546935081482,0.006221399651932301,3.115029504239496
3,Ali 'Imran,200,45,0.09961408376693726,0.061173056960105894,0.006336938172504057,6.0661830304147175
3,Ali 'Imran,200,50,0.07953083515167236,0.05788343906402588,0.007433216384736862,2.9122515701408322
37,As-Saffat,182,5,0.16278183460235596,0.1582251214981079,0.009131668893663422,0.4990011308239619
37,As-Saffat,182,10,0.11959171295166016,0.1144555914402008,0.008176769781211622,0.6281357612954943
37,As-Saffat,182,15,0.13406586647033691,0.09484503269195557,0.006346822609990445,6.179601383004525
37,As-Saffat,182,20,0.12752723693847656,0.0838161325454712,0.006821636764145686,6.40771502562986
37,As-Saffat,182,25,0.13421869277954102,0.07593387186527252,0.00730973563760069,7.9735880753957895
37,As-Saffat,182,30,0.11389458179473877,0.06889431834220887,0.006574674508639234,6.844485364773388
37,As-Saffat,182,35,0.11550402641296387,0.06404644191265106,0.0064823595816909255,7.938094740324491
37,As-Saffat,182,40,0.09879428148269653,0.05895487546920777,0.006386268583133397,6.2382916557420645
37,As-Saffat,182,45,0.08072751760482788,0.05716822266578674,0.006535044403823122,3.605070368804
37,As-Saffat,182,50,0.07653439044952393,0.05355039179325104,0.005629693753938945,4.08263746854642
4,An-Nisa,176,5,0.17034608125686646,0.15820655941963196,0.010467040506060303,1.1597855029036945
4,An-Nisa,176,10,0.1329227089881897,0.12036813259124755,0.007425392985422476,1.6907625524452747
4,An-Nisa,176,15,0.13247829675674438,0.10034077405929566,0.007186548549731646,4.47189947650862
4,An-Nisa,176,20,0.116050124168396,0.08959599375724793,0.008154008871592592,3.244309741102992
4,An-Nisa,176,25,0.10250687599182129,0.07956375896930695,0.006687799583135662,3.4305927887505803
4,An-Nisa,176,30,0.10356336832046509,0.07303592085838317,0.006917310201196279,4.413196253191378
4,An-Nisa,176,35,0.1013374924659729,0.06865513980388642,0.007145909226837172,4.573575121741634
4,An-Nisa,176,40,0.09841805696487427,0.06364198327064514,0.006224859502072145,5.586643952791671
4,An-Nisa,176,45,0.09760457277297974,0.058320503234863284,0.005958318968787727,6.593146446825613
4,An-Nisa,176,50,0.0860937237739563,0.056836130023002626,0.008236738565055274,3.552084786942286
6,Al-An'am,165,5,0.2177269458770752,0.1633311951160431,0.010898257017884525,4.991233980972026
6,Al-An'am,165,10,0.15201783180236816,0.1262766772508621,0.007600614468288542,3.3867201999132948
6,Al-An'am,165,15,0.11065131425857544,0.10587985575199127,0.008963720406827129,0.5323078242099157
6,Al-An'am,165,20,0.12533468008041382,0.09532462716102601,0.008299834402580327,3.615741165878926
6,Al-An'am,165,25,0.1010022759437561,0.0861379098892212,0.007389825135031478,2.0114638415556487
6,Al-An'am,165,30,0.09655267000198364,0.07902130126953125,0.009199287629299563,1.9057311216811297
6,Al-An'am,165,35,0.07234400510787964,0.07226069569587708,0.00814346331981217,0.010230218855395084
6,Al-An'am,165,40,0.07371723651885986,0.06828161299228669,0.008006516600701482,0.678899925855014
6,Al-An'am,165,45,0.07190948724746704,0.06384695410728454,0.007630697044885332,1.0565919591299484
6,Al-An'am,165,50,0.06833183765411377,0.06051967859268188,0.008301100657457018,0.9410991847706476
20,Taha,135,5,0.17557817697525024,0.15958461463451384,0.011733345231854517,1.363086317218038
20,Taha,135,10,0.16017180681228638,0.11929990708827973,0.01001960776607653,4.079191588954907
20,Taha,135,15,0.11528950929641724,0.09897192478179932,0.009465724235101012,1.7238601198742596
20,Taha,135,20,0.10524868965148926,0.0863152414560318,0.007622169945669202,2.483997120297108
20,Taha,135,25,0.10430550575256348,0.07726300716400146,0.007586354089822298,3.5646238322624164
20,Taha,135,30,0.11718833446502686,0.07113464772701264,0.007302589237898148,6.306487361908571
20,Taha,135,35,0.1189451813697815,0.06769239723682403,0.008193752859037277,6.255104957971528
20,Taha,135,40,0.10963839292526245,0.062184203267097476,0.008198176279559414,5.788383664850307
20,Taha,135,45,0.11219024658203125,0.05851806223392487,0.008993715721477079,5.967743034165144
9,At-Tawbah,129,5,0.16313225030899048,0.15228743255138397,0.010725067149199382,1.0111654879863452
9,At-Tawbah,129,10,0.12327325344085693,0.11469745099544525,0.008799944471295292,0.9745291545174248
9,At-Tawbah,129,15,0.11939191818237305,0.09596537172794342,0.010301783293684424,2.2740282712791506
9,At-Tawbah,129,20,0.09720349311828613,0.08509010553359986,0.00887716116527493,1.364556456637353
9,At-Tawbah,129,25,0.09074652194976807,0.07449531137943267,0.008402559710425441,1.9340785582483597
9,At-Tawbah,129,30,0.09392589330673218,0.06792740762233734,0.008581999280487055,3.029420632032416
9,At-Tawbah,129,35,0.08085078001022339,0.0640594220161438,0.007628505580651467,2.2011333434255183
9,At-Tawbah,129,40,0.07769352197647095,0.058964434862136844,0.00890727116743011,2.102673957296592
16,An-Nahl,128,5,0.16559070348739624,0.16201025009155273,0.01178428429140603,0.3038329106210242
16,An-Nahl,128,10,0.14207684993743896,0.12713911831378938,0.008971052806807244,1.6651035218870653
16,An-Nahl,128,15,0.1516701579093933,0.10739856302738189,0.009668498597580002,4.578952402505646
16,An-Nahl,128,20,0.12911701202392578,0.09316126704216003,0.0092931649853543,3.8690526896305766
16,An-Nahl,128,25,0.12472265958786011,0.0842662513256073,0.00927119548293932,4.363666836353513
16,An-Nahl,128,30,0.1244879961013794,0.07939312040805817,0.010699446792696394,4.214692270267999
16,An-Nahl,128,35,0.08971726894378662,0.0707214742898941,0.00918554361607942,2.068009847630588
16,An-Nahl,128,40,0.0828292965888977,0.06949283301830292,0.01067618580945585,1.2491786681703065
